time,volumetric_flow_rate
11:51:35.151,2.65199234991408
11:51:37.154,2.95056961603597
11:51:39.250,2.74677918425473