time,droplet_volume
11:51:32.981,98.1917545451875
11:51:35.036,91.4054560087315
11:51:35.049,91.1089593359687