time,droplet_mass,yield_stress
11:51:40.045,2.18918608909851,2.57485130320093
11:51:42.253,2.15190792770918,2.53100591111104
11:51:44.242,2.09588536657967,2.46511395005241